Age,Years_of_Experience,Education,Job_Role,Location,Previous_Salary,Salary
49,4,Bachelor,Manager,Bangalore,100073,128812.0
35,8,Bachelor,Tester,Mumbai,112197,126370.0
28,3,PhD,Data Analyst,Hyderabad,84429,116796.0
41,21,Master,Data Analyst,Delhi,81627,190295.0
39,16,PhD,Tester,Hyderabad,53848,173382.0
43,8,PhD,Designer,Delhi,57804,123128.0
31,0,PhD,Tester,Bangalore,35379,75483.0
31,20,Bachelor,Designer,Hyderabad,79664,157695.0
44,19,PhD,Tester,Delhi,47766,173769.0
44,12,Bachelor,Tester,Bangalore,88099,132600.0
23,15,Bachelor,Developer,Mumbai,56060,142399.0
42,12,Bachelor,Data Analyst,Delhi,114733,153528.0
22,13,Master,Tester,Mumbai,89122,144300.0
44,2,Bachelor,Tester,Mumbai,36087,67854.0
50,5,Bachelor,Manager,Pune,68868,124080.0
22,17,Master,Data Analyst,Hyderabad,43225,170165.0
41,18,Bachelor,Manager,Delhi,115286,178514.0
53,4,PhD,Data Analyst,Mumbai,26643,95278.0
32,14,PhD,Manager,Pune,113059,215964.0
42,24,Bachelor,Tester,Bangalore,56727,175171.0
45,1,Master,Tester,Delhi,31005,78760.0
47,9,PhD,Developer,Mumbai,85697,165079.0
48,23,Master,Manager,Hyderabad,36029,229464.0
36,17,Master,Designer,Pune,34226,135560.0
35,12,PhD,Developer,Mumbai,83646,183176.0
23,4,Master,Manager,Hyderabad,80603,136237.0
27,22,PhD,Manager,Mumbai,48731,202848.0
41,23,Master,Developer,Delhi,88926,223899.0
29,0,PhD,Tester,Delhi,25997,60244.0
38,21,Bachelor,Manager,Delhi,75506,194504.0
24,0,PhD,Tester,Pune,98229,93726.0
45,17,PhD,Developer,Delhi,69815,171398.0
34,14,PhD,Tester,Hyderabad,62092,161079.0
29,16,PhD,Data Analyst,Mumbai,82539,173949.0
46,10,Master,Designer,Bangalore,86077,152222.0
22,20,Bachelor,Manager,Hyderabad,41817,173838.0
40,24,PhD,Designer,Hyderabad,57861,231053.0
48,21,Master,Tester,Delhi,33428,173442.0
27,16,Bachelor,Manager,Pune,63934,158018.0
28,12,Bachelor,Tester,Mumbai,30258,99260.0
34,0,Bachelor,Data Analyst,Pune,77775,58714.0
37,1,Bachelor,Developer,Mumbai,101580,72054.0
24,8,PhD,Manager,Mumbai,114947,165777.0
22,2,PhD,Data Analyst,Pune,25469,55509.0
26,0,Master,Data Analyst,Hyderabad,48854,67062.0
24,20,Master,Manager,Mumbai,26256,165102.0
49,15,Master,Tester,Pune,96256,159059.0
38,22,Bachelor,Data Analyst,Mumbai,53937,158881.0
46,5,Bachelor,Designer,Bangalore,119134,108604.0
54,16,PhD,Data Analyst,Hyderabad,21651,160729.0
30,4,Bachelor,Tester,Delhi,70288,88960.0
34,4,Bachelor,Tester,Mumbai,104730,88117.0
51,5,Bachelor,Designer,Bangalore,45051,88322.0
35,2,Master,Data Analyst,Delhi,47386,103763.0
28,20,Master,Tester,Delhi,95054,185795.0
34,22,PhD,Manager,Mumbai,36184,209669.0
43,4,Bachelor,Developer,Pune,53787,85223.0
41,20,Bachelor,Developer,Mumbai,41621,165205.0
36,4,PhD,Developer,Bangalore,95564,127363.0
38,9,Bachelor,Data Analyst,Delhi,97984,120880.0
44,9,Bachelor,Designer,Mumbai,79792,114952.0
46,18,Master,Tester,Pune,65253,147479.0
45,16,PhD,Manager,Mumbai,54051,193935.0
49,20,PhD,Manager,Hyderabad,69811,233186.0
35,13,PhD,Data Analyst,Pune,50447,143688.0
21,8,PhD,Developer,Bangalore,103930,145543.0
45,13,Master,Data Analyst,Delhi,50254,123825.0
27,0,Master,Designer,Mumbai,104045,66538.0
29,18,Bachelor,Designer,Pune,77418,158781.0
44,12,Bachelor,Tester,Hyderabad,34472,108974.0
21,12,Bachelor,Tester,Pune,23471,102609.0
28,3,Bachelor,Designer,Hyderabad,115804,105635.0
44,0,Master,Designer,Bangalore,28329,72544.0
31,16,PhD,Designer,Delhi,54865,157022.0
37,7,Master,Data Analyst,Bangalore,66850,111689.0
28,1,Bachelor,Designer,Mumbai,74220,57540.0
53,7,Master,Manager,Pune,113808,154940.0
25,6,PhD,Developer,Hyderabad,26397,116487.0
48,1,PhD,Designer,Hyderabad,117909,112841.0
27,21,Master,Developer,Pune,55525,163618.0
29,21,Master,Data Analyst,Pune,73072,169847.0
28,2,Master,Developer,Mumbai,110106,109974.0
32,17,Bachelor,Data Analyst,Bangalore,103820,172742.0
54,11,Master,Manager,Hyderabad,104530,173903.0
53,0,Master,Data Analyst,Mumbai,43284,78933.0
43,21,Master,Data Analyst,Bangalore,81330,187349.0
44,11,PhD,Tester,Mumbai,103369,175612.0
42,4,PhD,Designer,Hyderabad,45122,115620.0
47,24,Bachelor,Designer,Pune,90553,206483.0
21,16,Bachelor,Manager,Pune,101906,153923.0
34,15,PhD,Manager,Bangalore,114788,209982.0
23,14,PhD,Designer,Delhi,82812,167214.0
21,22,PhD,Tester,Bangalore,27999,180515.0
25,14,Master,Designer,Delhi,42436,135840.0
46,4,Master,Tester,Mumbai,62963,98769.0
34,20,PhD,Manager,Mumbai,22096,188391.0
47,13,Master,Developer,Hyderabad,45279,134641.0
29,1,Master,Manager,Delhi,46201,86525.0
35,10,Bachelor,Manager,Hyderabad,39715,150167.0
35,18,PhD,Data Analyst,Pune,49309,167367.0
46,6,PhD,Data Analyst,Delhi,35078,92437.0
33,5,Master,Data Analyst,Bangalore,76614,109472.0
52,1,PhD,Data Analyst,Pune,25105,94597.0
52,5,Bachelor,Tester,Pune,114848,124812.0
24,17,Bachelor,Designer,Bangalore,22839,125845.0
50,1,Bachelor,Developer,Pune,88920,104024.0
43,17,PhD,Manager,Delhi,63619,220350.0
35,14,PhD,Tester,Hyderabad,62821,150174.0
49,18,PhD,Developer,Pune,33493,178459.0
33,1,PhD,Tester,Delhi,37069,70382.0
52,19,PhD,Tester,Mumbai,27531,174355.0
27,24,Bachelor,Manager,Delhi,57051,210655.0
42,5,Master,Designer,Hyderabad,27736,92375.0
48,0,Bachelor,Data Analyst,Delhi,27710,54971.0
22,23,PhD,Designer,Bangalore,87155,187669.0
26,14,Bachelor,Manager,Hyderabad,33975,129658.0
48,22,PhD,Manager,Mumbai,82424,218613.0
48,9,PhD,Manager,Bangalore,65603,176954.0
40,18,Bachelor,Developer,Delhi,43252,173157.0
50,16,PhD,Designer,Hyderabad,100797,198114.0
31,4,Master,Designer,Mumbai,21431,64205.0
48,3,PhD,Tester,Bangalore,94603,136661.0
45,9,Master,Tester,Mumbai,57481,117960.0
53,23,Master,Tester,Delhi,112573,204385.0
21,16,PhD,Manager,Mumbai,29557,162679.0
47,9,Bachelor,Designer,Pune,94971,117187.0
33,16,Master,Manager,Bangalore,20162,160061.0
23,19,Bachelor,Developer,Mumbai,54742,156783.0
26,23,Master,Tester,Delhi,39675,159743.0
28,4,PhD,Manager,Delhi,93997,153732.0
47,1,PhD,Manager,Mumbai,37015,111800.0
29,5,Master,Developer,Delhi,70057,105385.0
53,20,PhD,Data Analyst,Hyderabad,52591,203639.0
44,1,Master,Designer,Hyderabad,113583,90599.0
35,12,PhD,Data Analyst,Hyderabad,29833,118144.0
52,10,Bachelor,Tester,Pune,27896,114883.0
52,10,PhD,Manager,Mumbai,52972,186103.0
44,15,Bachelor,Developer,Pune,69733,150272.0
32,10,PhD,Developer,Delhi,61800,150260.0
22,18,Bachelor,Designer,Pune,116044,150951.0
23,14,PhD,Data Analyst,Delhi,25347,136694.0
37,24,Bachelor,Designer,Delhi,79063,180368.0
22,22,Master,Manager,Bangalore,115850,221319.0
22,22,Master,Designer,Hyderabad,22643,164150.0
48,15,Bachelor,Developer,Delhi,60785,142333.0
43,10,PhD,Developer,Bangalore,38681,143354.0
52,21,Bachelor,Tester,Hyderabad,70026,155973.0
53,15,PhD,Tester,Delhi,35892,157307.0
21,7,Master,Manager,Delhi,67299,126485.0
39,3,PhD,Data Analyst,Pune,37073,96619.0
22,7,Master,Designer,Pune,50682,98669.0
46,3,PhD,Manager,Hyderabad,117798,164158.0
52,23,PhD,Tester,Delhi,116894,217361.0
26,24,PhD,Designer,Mumbai,34289,176853.0
52,2,Bachelor,Tester,Pune,27927,67460.0
24,2,Bachelor,Designer,Hyderabad,68330,43942.0
31,17,Master,Data Analyst,Delhi,86707,167016.0
37,18,Master,Manager,Delhi,97454,190679.0
44,18,Bachelor,Designer,Mumbai,85428,176899.0
25,20,Master,Developer,Hyderabad,70601,188245.0
54,4,Bachelor,Developer,Delhi,97465,113794.0
26,17,PhD,Designer,Pune,22539,164293.0
42,9,Master,Designer,Mumbai,42669,102434.0
31,21,Master,Designer,Hyderabad,90968,178153.0
36,20,Bachelor,Developer,Mumbai,40644,151643.0
53,5,Master,Developer,Pune,38745,103348.0
29,0,Master,Designer,Hyderabad,48228,64402.0
26,4,PhD,Tester,Mumbai,54521,104748.0
36,8,Master,Tester,Bangalore,117239,144510.0
49,11,PhD,Data Analyst,Pune,46928,125024.0
23,13,Bachelor,Manager,Pune,38322,130110.0
40,1,Master,Tester,Pune,77714,75004.0
39,16,PhD,Developer,Bangalore,107896,200606.0
46,13,Bachelor,Tester,Bangalore,82292,159258.0
23,12,Master,Data Analyst,Delhi,49055,124041.0
39,8,Bachelor,Data Analyst,Mumbai,62891,108651.0
40,24,Master,Manager,Delhi,101912,255372.0
52,14,Bachelor,Tester,Mumbai,26588,132909.0
27,24,Bachelor,Developer,Bangalore,110536,203235.0
53,21,PhD,Developer,Bangalore,26304,189263.0
38,14,Bachelor,Designer,Delhi,27345,114637.0
21,23,Master,Developer,Hyderabad,49300,184543.0
31,10,Master,Manager,Delhi,44259,122958.0
48,15,PhD,Manager,Mumbai,111006,215812.0
45,16,Master,Developer,Delhi,108553,193580.0
43,3,Master,Developer,Pune,35352,113332.0
51,0,Master,Designer,Mumbai,53365,73228.0
50,7,Bachelor,Developer,Mumbai,39446,108580.0
27,16,Bachelor,Designer,Hyderabad,22336,110780.0
36,2,Master,Designer,Bangalore,82032,99544.0
46,19,PhD,Developer,Mumbai,95415,214920.0
22,14,Bachelor,Data Analyst,Bangalore,117852,131415.0
21,14,PhD,Data Analyst,Delhi,118876,172916.0
32,23,Master,Designer,Pune,27521,175914.0
25,21,Master,Developer,Hyderabad,91707,201736.0
52,13,Bachelor,Data Analyst,Bangalore,43481,133851.0
29,22,Master,Developer,Mumbai,38474,170409.0
39,13,Bachelor,Developer,Bangalore,66760,132777.0
36,23,Master,Developer,Mumbai,75718,214685.0
23,1,Master,Tester,Bangalore,64629,65099.0
40,12,Bachelor,Developer,Mumbai,65232,138498.0
44,13,Bachelor,Tester,Delhi,106544,120420.0
53,23,Bachelor,Designer,Mumbai,87169,218527.0
44,18,Master,Data Analyst,Mumbai,70669,167570.0
31,6,Master,Data Analyst,Pune,98021,126648.0
28,2,PhD,Data Analyst,Mumbai,89184,101305.0
40,14,Bachelor,Data Analyst,Pune,67945,136325.0
45,22,Master,Data Analyst,Hyderabad,33140,190675.0
45,13,Master,Data Analyst,Pune,103457,170541.0
49,10,Bachelor,Data Analyst,Delhi,34357,101198.0
38,14,PhD,Designer,Pune,88673,168117.0
38,12,Bachelor,Developer,Hyderabad,85633,153289.0
22,17,PhD,Manager,Delhi,96943,228110.0
36,5,Master,Tester,Bangalore,116111,121367.0
53,2,PhD,Manager,Bangalore,98258,165374.0
24,18,Master,Manager,Pune,32924,167755.0
53,14,Bachelor,Developer,Pune,89286,171734.0
34,24,Bachelor,Developer,Hyderabad,113269,223319.0
41,22,Bachelor,Developer,Hyderabad,94071,194029.0
40,4,PhD,Data Analyst,Mumbai,77326,108460.0
28,9,Master,Designer,Hyderabad,110023,144463.0
27,6,Bachelor,Data Analyst,Mumbai,50651,73445.0
23,24,Bachelor,Designer,Delhi,90202,173637.0
37,16,Master,Designer,Pune,68777,149171.0
53,6,Bachelor,Manager,Delhi,36994,105941.0
32,21,Master,Manager,Hyderabad,87263,219471.0
42,11,Master,Designer,Delhi,79634,143004.0
42,24,Master,Designer,Delhi,30800,190477.0
50,16,Master,Data Analyst,Delhi,57823,162343.0
28,12,Master,Data Analyst,Hyderabad,83878,131613.0
47,19,PhD,Manager,Delhi,38708,210954.0
47,24,Bachelor,Developer,Mumbai,32819,198452.0
54,3,PhD,Designer,Hyderabad,94905,130807.0
41,9,Bachelor,Data Analyst,Delhi,83870,118545.0
50,2,PhD,Manager,Hyderabad,29283,109043.0
53,8,Master,Data Analyst,Bangalore,50573,118847.0
48,12,Bachelor,Designer,Mumbai,98707,130280.0
53,17,Bachelor,Designer,Delhi,50933,146633.0
25,14,PhD,Tester,Bangalore,25774,121407.0
39,3,PhD,Developer,Bangalore,92055,114996.0
24,14,Bachelor,Tester,Hyderabad,30983,107483.0
37,21,PhD,Manager,Bangalore,116468,234603.0
48,1,PhD,Data Analyst,Mumbai,116334,121601.0
50,14,PhD,Manager,Mumbai,38133,178906.0
49,7,Master,Designer,Pune,34939,103778.0
26,7,Master,Tester,Mumbai,20781,92398.0
44,16,PhD,Tester,Bangalore,76700,173047.0
49,11,PhD,Tester,Mumbai,47624,141355.0
51,18,Master,Manager,Hyderabad,26823,195779.0
53,9,Master,Designer,Pune,38489,116926.0
41,8,Bachelor,Data Analyst,Bangalore,59961,97692.0
52,4,Bachelor,Data Analyst,Pune,49118,81472.0
43,5,Master,Manager,Bangalore,101816,140613.0
53,19,PhD,Tester,Hyderabad,42263,176309.0
23,1,PhD,Developer,Pune,33565,79946.0
38,23,PhD,Manager,Delhi,40354,212507.0
45,12,PhD,Manager,Bangalore,62951,186410.0
51,5,Bachelor,Designer,Delhi,111179,103673.0
23,4,Master,Data Analyst,Pune,43648,77410.0
44,24,PhD,Manager,Delhi,70729,247299.0
52,0,Bachelor,Manager,Delhi,61971,88004.0
42,20,PhD,Tester,Pune,38658,187797.0
43,21,Master,Tester,Hyderabad,41253,157593.0
22,20,Bachelor,Developer,Delhi,84166,173341.0
47,5,Master,Designer,Delhi,68563,106714.0
22,5,Master,Developer,Hyderabad,46390,99787.0
46,22,Bachelor,Tester,Delhi,108664,174936.0
37,15,Bachelor,Data Analyst,Delhi,71578,149162.0
53,3,Bachelor,Tester,Delhi,99025,87563.0
29,10,Bachelor,Designer,Mumbai,52658,103914.0
49,23,Bachelor,Tester,Hyderabad,26852,165320.0
46,22,Bachelor,Designer,Delhi,114986,204031.0
45,8,Bachelor,Designer,Hyderabad,22551,108395.0
44,22,PhD,Designer,Bangalore,91947,200875.0
33,2,Master,Designer,Bangalore,81001,82411.0
27,18,Bachelor,Designer,Delhi,69159,148055.0
40,7,PhD,Data Analyst,Hyderabad,71707,117629.0
21,4,PhD,Developer,Hyderabad,53243,119619.0
28,3,PhD,Manager,Hyderabad,41800,124154.0
36,23,Master,Developer,Mumbai,95939,221970.0
34,5,Bachelor,Designer,Bangalore,77828,90497.0
32,1,PhD,Data Analyst,Hyderabad,27239,90593.0
43,19,Master,Tester,Hyderabad,26710,145628.0
35,10,Master,Data Analyst,Mumbai,41384,114706.0
48,3,Master,Designer,Mumbai,41038,78027.0
54,14,PhD,Data Analyst,Hyderabad,60846,175238.0
22,5,Bachelor,Data Analyst,Pune,107983,75860.0
52,21,PhD,Designer,Hyderabad,87821,210848.0
43,16,PhD,Data Analyst,Hyderabad,57991,173049.0
42,23,Bachelor,Manager,Mumbai,99057,206148.0
45,5,Bachelor,Manager,Mumbai,26971,92026.0
42,18,Bachelor,Data Analyst,Hyderabad,49139,145809.0
42,24,Master,Tester,Hyderabad,105445,222729.0
26,1,Bachelor,Designer,Hyderabad,97067,61498.0
35,14,PhD,Manager,Mumbai,100257,189018.0
53,10,Bachelor,Tester,Hyderabad,104742,144653.0
28,7,PhD,Data Analyst,Hyderabad,57711,114355.0
25,18,Master,Tester,Delhi,26530,135337.0
24,12,PhD,Developer,Pune,31116,151733.0
26,11,PhD,Manager,Bangalore,85794,167436.0
52,4,Bachelor,Data Analyst,Pune,20282,79387.0
50,5,Bachelor,Designer,Delhi,99473,98152.0
36,21,PhD,Data Analyst,Bangalore,21898,175163.0
33,3,Bachelor,Designer,Hyderabad,24135,65604.0
50,18,Master,Data Analyst,Delhi,26629,153389.0
39,19,Master,Tester,Hyderabad,105120,194109.0
37,0,Bachelor,Tester,Mumbai,109087,76479.0
39,19,Master,Tester,Delhi,85031,198329.0
48,16,Bachelor,Developer,Mumbai,53380,171040.0
46,11,PhD,Designer,Delhi,37071,124547.0
46,14,PhD,Tester,Delhi,40074,159252.0
43,0,Master,Developer,Mumbai,110724,102626.0
29,13,Bachelor,Designer,Bangalore,87843,131552.0
32,5,Bachelor,Data Analyst,Pune,59901,80644.0
21,4,Master,Developer,Hyderabad,31205,77428.0
21,10,PhD,Manager,Delhi,75661,171349.0
54,3,Master,Developer,Hyderabad,25906,99395.0
52,12,PhD,Developer,Mumbai,22591,152190.0
45,10,Bachelor,Designer,Hyderabad,82987,116314.0
21,2,PhD,Data Analyst,Mumbai,83370,100246.0
36,0,Master,Manager,Hyderabad,100685,117353.0
25,5,Bachelor,Tester,Pune,74400,81010.0
42,17,Master,Tester,Pune,45150,125735.0
49,23,Master,Developer,Pune,51852,205410.0
23,9,PhD,Designer,Pune,62870,112233.0
32,4,Master,Designer,Pune,72756,93008.0
46,22,PhD,Tester,Pune,76481,194547.0
36,9,Bachelor,Manager,Mumbai,21283,97348.0
42,11,PhD,Data Analyst,Delhi,53691,154828.0
49,1,Bachelor,Manager,Hyderabad,21125,74749.0
34,12,PhD,Data Analyst,Pune,87065,152859.0
48,7,Master,Tester,Mumbai,46170,112293.0
25,1,PhD,Data Analyst,Mumbai,28438,70169.0
50,19,PhD,Designer,Mumbai,40095,202076.0
25,0,Bachelor,Developer,Delhi,36154,54231.0
32,4,Master,Developer,Hyderabad,28004,95853.0
36,8,PhD,Tester,Delhi,29752,124610.0
46,16,Master,Designer,Bangalore,75426,179193.0
46,8,PhD,Manager,Mumbai,46819,144308.0
41,10,PhD,Designer,Bangalore,112051,156141.0
53,14,Master,Developer,Pune,44217,171933.0
50,23,PhD,Developer,Pune,108708,251584.0
43,5,Master,Designer,Delhi,52994,108449.0
30,22,PhD,Designer,Hyderabad,35036,170327.0
25,2,Bachelor,Developer,Bangalore,97275,106890.0
54,16,Master,Manager,Hyderabad,117756,201488.0
51,4,PhD,Tester,Delhi,69416,120189.0
30,11,PhD,Tester,Pune,29587,125353.0
39,17,Bachelor,Designer,Hyderabad,115665,156981.0
52,13,Master,Tester,Hyderabad,20645,115133.0
21,20,PhD,Developer,Pune,50930,173434.0
25,23,Bachelor,Developer,Bangalore,101835,199424.0
24,10,PhD,Designer,Pune,50090,111783.0
36,8,Master,Designer,Hyderabad,107489,119657.0
44,1,PhD,Designer,Bangalore,72142,98676.0
36,11,PhD,Manager,Bangalore,46475,135202.0
22,2,PhD,Tester,Pune,38888,89345.0
48,2,PhD,Designer,Hyderabad,63732,80394.0
52,0,Bachelor,Data Analyst,Delhi,101623,80875.0
47,7,Bachelor,Data Analyst,Hyderabad,66305,100172.0
40,21,Master,Developer,Mumbai,66037,201795.0
44,7,Bachelor,Tester,Delhi,29346,83322.0
32,10,Bachelor,Designer,Bangalore,20587,109414.0
53,8,Master,Data Analyst,Delhi,32763,111768.0
53,4,Bachelor,Tester,Bangalore,79165,103702.0
32,13,Bachelor,Developer,Bangalore,89615,139611.0
23,2,Master,Manager,Delhi,56116,100154.0
21,20,Master,Tester,Bangalore,105751,198276.0
53,4,Master,Tester,Bangalore,111353,118664.0
30,4,PhD,Manager,Mumbai,110301,151043.0
49,18,PhD,Tester,Hyderabad,115648,215568.0
33,13,Master,Developer,Hyderabad,45556,137300.0
32,3,Master,Developer,Mumbai,79042,86001.0
51,24,Master,Manager,Delhi,38099,218295.0
22,12,PhD,Designer,Pune,65096,151925.0
43,9,PhD,Data Analyst,Pune,91986,134780.0
37,24,Bachelor,Designer,Pune,33230,173494.0
46,17,Bachelor,Tester,Mumbai,49009,149373.0
28,7,Master,Data Analyst,Mumbai,90969,92653.0
49,7,PhD,Manager,Bangalore,53866,141684.0
46,6,PhD,Manager,Pune,104246,160740.0
30,7,PhD,Data Analyst,Delhi,96975,131994.0
46,13,Master,Developer,Delhi,61855,150311.0
54,18,Bachelor,Data Analyst,Pune,101557,164653.0
27,5,Master,Tester,Pune,26416,95781.0
24,0,Bachelor,Developer,Pune,92516,77931.0
31,22,Bachelor,Manager,Mumbai,75915,188916.0
49,14,Master,Data Analyst,Mumbai,38058,139312.0
45,0,Bachelor,Designer,Mumbai,96637,81526.0
41,24,Bachelor,Designer,Hyderabad,60718,180303.0
30,16,PhD,Tester,Delhi,52602,158984.0
29,0,Bachelor,Designer,Delhi,94658,60863.0
44,14,Master,Data Analyst,Bangalore,98112,154623.0
38,22,Master,Data Analyst,Mumbai,78067,184249.0
52,1,Bachelor,Designer,Hyderabad,47516,68395.0
44,13,PhD,Data Analyst,Hyderabad,107969,165246.0
43,20,PhD,Tester,Delhi,21089,178868.0
52,7,Bachelor,Developer,Mumbai,57346,128068.0
32,7,Bachelor,Tester,Bangalore,94663,107122.0
33,18,Master,Tester,Mumbai,30487,144999.0
43,6,Bachelor,Data Analyst,Pune,20155,61581.0
45,18,PhD,Developer,Mumbai,87494,223279.0
50,5,Bachelor,Data Analyst,Pune,96229,91791.0
37,5,Master,Manager,Pune,58547,130404.0
40,2,Master,Data Analyst,Bangalore,48795,85903.0
45,6,Master,Data Analyst,Delhi,75296,110251.0
42,18,Master,Data Analyst,Mumbai,41447,154949.0
33,7,Master,Developer,Pune,56598,100782.0
39,9,Bachelor,Data Analyst,Mumbai,61814,107526.0
32,19,Bachelor,Developer,Delhi,110751,191500.0
39,14,Bachelor,Designer,Delhi,95330,131741.0
32,14,Bachelor,Manager,Hyderabad,118745,171940.0
29,0,Master,Developer,Delhi,107960,103063.0
27,19,PhD,Designer,Bangalore,83278,192657.0
48,6,Bachelor,Developer,Pune,75077,114069.0
34,3,PhD,Developer,Hyderabad,91906,112499.0
51,5,Bachelor,Manager,Bangalore,29528,97012.0
39,24,Bachelor,Tester,Mumbai,113812,202271.0
36,0,PhD,Tester,Pune,70100,99455.0
25,4,Master,Developer,Delhi,28179,82595.0
32,22,Bachelor,Data Analyst,Pune,68781,190389.0
45,0,Bachelor,Designer,Mumbai,75267,48662.0
41,3,Bachelor,Data Analyst,Hyderabad,102379,85815.0
43,21,PhD,Data Analyst,Hyderabad,43952,188250.0
36,1,Master,Developer,Hyderabad,73798,95512.0
34,9,PhD,Developer,Delhi,118696,157157.0
51,4,PhD,Developer,Bangalore,70939,138354.0
25,9,Master,Developer,Bangalore,49516,126017.0
43,0,PhD,Tester,Pune,76526,97590.0
49,21,Master,Developer,Delhi,30449,189998.0
31,5,Bachelor,Tester,Hyderabad,70290,79378.0
38,12,Master,Tester,Hyderabad,106661,135491.0
32,14,Bachelor,Developer,Mumbai,92954,146015.0
29,3,PhD,Manager,Mumbai,42746,118169.0
30,12,PhD,Designer,Hyderabad,87990,156823.0
37,23,Bachelor,Data Analyst,Hyderabad,78810,180438.0
27,19,PhD,Tester,Delhi,103297,200306.0
33,23,Master,Designer,Bangalore,35223,169778.0
29,14,Bachelor,Manager,Mumbai,92237,161662.0
47,7,PhD,Data Analyst,Bangalore,22597,118260.0
22,4,Bachelor,Data Analyst,Delhi,85677,79422.0
25,14,Master,Tester,Hyderabad,22659,109130.0
49,3,Master,Developer,Bangalore,106516,117492.0
39,11,PhD,Manager,Hyderabad,94567,190635.0
28,12,Master,Tester,Hyderabad,35037,131940.0
21,1,Bachelor,Manager,Pune,66738,93948.0
42,18,Master,Developer,Bangalore,91678,194993.0
37,18,Bachelor,Developer,Bangalore,32109,139312.0
27,3,Bachelor,Tester,Hyderabad,42010,60240.0
45,3,Master,Developer,Delhi,28787,109637.0
24,10,PhD,Designer,Pune,28472,124574.0
26,4,Master,Data Analyst,Hyderabad,43383,78278.0
51,19,Bachelor,Tester,Mumbai,81709,174470.0
39,10,Bachelor,Manager,Mumbai,89785,132720.0
47,9,Master,Designer,Pune,54518,113350.0
30,7,PhD,Tester,Delhi,73909,113722.0
46,5,PhD,Developer,Hyderabad,38351,128036.0
39,5,Bachelor,Developer,Bangalore,89624,117491.0
23,7,Bachelor,Developer,Pune,73330,104294.0
33,22,PhD,Developer,Delhi,35282,191884.0
48,14,Master,Manager,Bangalore,104866,190749.0
40,13,Bachelor,Designer,Mumbai,41778,111845.0
48,10,Bachelor,Data Analyst,Mumbai,44264,98744.0
28,11,PhD,Manager,Bangalore,79675,174260.0
21,12,Master,Manager,Pune,25075,127950.0
23,7,PhD,Data Analyst,Mumbai,95948,114216.0
33,17,Master,Data Analyst,Hyderabad,68454,145440.0
48,24,Master,Developer,Bangalore,48365,192313.0
45,0,Master,Manager,Bangalore,92766,117082.0
53,14,Bachelor,Tester,Mumbai,68200,140284.0
26,7,PhD,Data Analyst,Pune,31002,106406.0
52,10,PhD,Data Analyst,Hyderabad,33947,140456.0
41,11,Master,Designer,Pune,99222,157108.0
36,11,Bachelor,Tester,Delhi,114840,128013.0
41,3,Bachelor,Tester,Delhi,98610,94009.0
31,15,PhD,Data Analyst,Mumbai,72142,148561.0
39,3,Bachelor,Developer,Mumbai,76307,108810.0
40,4,Bachelor,Designer,Mumbai,24493,52349.0
38,23,Master,Tester,Delhi,70085,184933.0
34,4,Bachelor,Data Analyst,Pune,54228,67714.0
35,7,Master,Tester,Pune,99676,107108.0
51,9,PhD,Designer,Mumbai,71875,144576.0
21,16,Bachelor,Designer,Hyderabad,51655,128301.0
23,8,PhD,Manager,Pune,63472,144995.0
36,21,PhD,Data Analyst,Delhi,69437,180372.0
43,18,Bachelor,Designer,Bangalore,69416,174100.0
31,13,Bachelor,Manager,Bangalore,79711,157877.0
32,7,PhD,Manager,Bangalore,26816,158069.0
30,8,Bachelor,Tester,Hyderabad,97175,100819.0
52,21,Master,Tester,Mumbai,84307,204302.0
36,10,Master,Manager,Delhi,66733,157486.0
28,22,Bachelor,Tester,Hyderabad,115028,182105.0
32,0,PhD,Designer,Delhi,31240,87607.0
44,13,Bachelor,Developer,Delhi,118234,160239.0
48,4,Bachelor,Designer,Mumbai,112493,100388.0
28,20,PhD,Manager,Bangalore,118344,196623.0
48,13,PhD,Manager,Mumbai,91363,199635.0
46,3,Master,Designer,Hyderabad,52762,75850.0
28,21,PhD,Tester,Hyderabad,28259,169796.0
48,22,Master,Tester,Hyderabad,70139,181793.0
